accuracy,auroc,auprc
0.723336853220697,0.8041483749605546,0.7529769765117241
