accuracy,auroc,auprc
0.687082013375572,0.7512412218085331,0.6989310496338205
